"no","title","status","progress","owner","note"
"1","บูรณาการข้อมูลภูมิสารสนเทศ (GISTDA / ปภ.)","ดำเนินการ","80","ศูนย์ข้อมูล","ฐานข้อมูลแผนที่พื้นที่เสี่ยงภัยเพื่อประเมินสถานการณ์"
"2","บริหารจัดการเส้นทางคมนาคม + Bypass Routes (ย้อนหลัง 3 ปี)","ดำเนินการ","70","งานส่งต่อ","แผนที่เส้นทางถูกตัดขาดและเส้นทางสำรอง"
"3","ประเมินทรัพยากรทางการแพทย์ (Inventory รพ./รพ.สต.)","เสร็จสิ้น","100","งานพัสดุ","บัญชีทรัพยากรเป็นปัจจุบัน"
"4","กำหนดเป้าหมายฟื้นฟู RTO ของ รพ.แต่ละแห่ง","ดำเนินการ","85","ผอ.รพ.","กลับมาให้บริการขั้นวิกฤตตามกำหนด"
"5","บริหารกำลังคน ทำเนียบ ทีมตอบโต้ และกำลังสำรอง","ดำเนินการ","75","งานบุคคล","ทีม A-B-C"
"6","ทะเบียนกลุ่มเปราะบาง + Priority Evacuation (ชื่อ/ที่อยู่/โทร)","ดำเนินการ","90","งานปฐมภูมิ","1,284 ราย"
"7","ระบบส่งต่อผู้ป่วยฉุกเฉิน (Referral) + เส้นทางสำรอง","ดำเนินการ","80","งานส่งต่อ","OPOH Dynamic Referral"
"8","แผนสำรองด้านการสื่อสาร (ลำดับ 1 และ 2)","ดำเนินการ","65","ศูนย์สื่อสาร","Line / วิทยุสื่อสาร / ดาวเทียม"
"9","แผนยกระดับขอรับการสนับสนุน (Escalation Plan)","รอดำเนินการ","45","ผู้บริหาร","เมื่อเกิน RTO หรือทรัพยากรหมด"
"10","ทดสอบ/ซ้อมแผนและรายงานผล","รอดำเนินการ","30","ทุกกลุ่มงาน",""