"district","level","trend","h6","h12","h24","vulnerable"
"สุไหงโก-ลก","แดง","↑↑","เสี่ยงสูง","เสี่ยงสูง","น้ำเพิ่ม","140"
"ตากใบ","แดง","↑↑","เสี่ยงสูง","เสี่ยงสูง","น้ำเพิ่ม","150"
"ยี่งอ","ส้ม","↑","น้ำเพิ่ม","น้ำเพิ่ม","ท่วมขัง","70"
"สุไหงปาดี","ส้ม","↑","น้ำเพิ่ม","ท่วมขัง","ท่วมขัง","110"
"เมืองนราธิวาส","ส้ม","↑","ท่วมขัง","ท่วมขัง","ท่วมขัง","230"
"ระแงะ","ส้ม","↑","ท่วมขัง","ท่วมขัง","น้ำเพิ่ม","90"
"รือเสาะ","เหลือง","→","ท่วมขัง","ท่วมขัง","ท่วมขัง","60"
"เจาะไอร้อง","เหลือง","→","เฝ้าระวัง","เฝ้าระวัง","ท่วมขัง","50"
"จะแนะ","ปกติ","↑","เฝ้าระวัง","เฝ้าระวัง","ท่วมขัง","45"
"ศรีสาคร","เหลือง","→","ปกติ","เฝ้าระวัง","ท่วมขัง","70"
"แว้ง","เขียว","→","ปกติ","เฝ้าระวัง","ท่วมขัง","60"
"สุคิริน","เขียว","→","ปกติ","ปกติ","เฝ้าระวัง","80"
"บาเจาะ","เขียว","→","ปกติ","ปกติ","เฝ้าระวัง","129"