"name","tier","level","ER","LR","OR","ICU","Dialysis","OPD","autonomy_hr"
"นราธิวาส","A+","ส้ม","G","G","Y","G","N","R","48"
"สุไหงโก-ลก","A+","แดง","G","G","R","G","N","R","24"
"ระแงะ","S+","ส้ม","G","G","Y","R","N","R","36"
"ตากใบ","S+","ส้ม","G","G","Y","N","N","R","36"
"สุคิริน","M","เหลือง","G","G","G","N","N","Y","72"
"เจาะไอร้อง","M","เหลือง","G","G","Y","N","N","R","72"
"แว้ง","M","เหลือง","G","G","G","N","N","R","72"
"ยี่งอ","M","เหลือง","G","G","G","N","N","R","48"
"ระแงะ(2)","M","เหลือง","G","G","Y","N","N","R","72"
"จะแนะ","M","เหลือง","G","G","G","N","N","R","72"
"สุคิริน(S)","S","เขียว","G","G","G","N","N","G","72"
"บาเจาะ","S","เขียว","G","G","G","N","N","G","72"
"รือเสาะ","M","เหลือง","G","G","G","N","N","G","72"